<?xml version="1.0" encoding="UTF-8" ?>
<!DOCTYPE mapper PUBLIC "-//mybatis.org//DTD Mapper 3.0//EN"
        "http://mybatis.org/dtd/mybatis-3-mapper.dtd">

<mapper namespace="kr.co.dk.sample.api.app.user.mapper.UserDAO">

    <select id="selectUserCnt" resultType="kr.co.dk.sample.api.common.util.LowerKeyMap">
        SELECT count(*) AS "cnt"
        FROM momo.user
        <if test='word != null and word != ""'>
            WHERE user_phone LIKE CONCAT('%', #{word}, '%')
            OR user_location LIKE CONCAT('%', #{word}, '%')
            OR code_blockchain LIKE CONCAT('%', #{word}, '%')
        </if>
    </select>

    <select id="selectUserList" resultType="kr.co.dk.sample.api.common.util.LowerKeyMap">
        SELECT *
        FROM momo.user
        <if test='word != null and word != ""'>
            WHERE user_phone LIKE CONCAT('%', #{word}, '%')
            OR user_location LIKE CONCAT('%', #{word}, '%')
            OR code_blockchain LIKE CONCAT('%', #{word}, '%')
        </if>
        ORDER BY user_idx DESC
        <if test='pageNo != null and pageNo != ""'>
            LIMIT #{start_idx}, #{page_size}
        </if>
    </select>

    <select id="selectUserInfo" resultType="kr.co.dk.sample.api.common.util.LowerKeyMap">
        SELECT *
        FROM user
        WHERE user_idx = #{idx}
    </select>

</mapper>
