<?xml version="1.0" encoding="UTF-8" ?>
<!DOCTYPE mapper PUBLIC "-//mybatis.org//DTD Mapper 3.0//EN"
        "http://mybatis.org/dtd/mybatis-3-mapper.dtd">

<mapper namespace="kr.co.dk.sample.api.app.board.mapper.BoardDAO">

    <select id="selectBoardCnt" resultType="kr.co.dk.sample.api.common.util.LowerKeyMap">
        SELECT count(*) AS "cnt"
        FROM momo.board_issue
        <if test='word != null and word != ""'>
            WHERE issue_title LIKE CONCAT('%', #{word}, '%')
        </if>
--         WHERE issue_status = 0
    </select>

    <select id="selectReplyCnt" resultType="kr.co.dk.sample.api.common.util.LowerKeyMap">
        SELECT count(*) AS "cnt"
        FROM momo.board_issue_reply
        <if test='word != null and word != ""'>
            WHERE reply_content LIKE CONCAT('%', #{word}, '%')
        </if>
--         WHERE issue_status = 0
    </select>

    <select id="selectAllBoard" resultType="kr.co.dk.sample.api.common.util.LowerKeyMap">
        SELECT issue.*, COUNT(reply.reply_idx) AS 'reply_count', U.code_blockchain, U.user_name, U.NickName as "nickname"
        FROM momo.board_issue issue
        LEFT JOIN momo.board_issue_reply reply USING (issue_idx)
        JOIN momo.user U ON (issue_user_idx = user_idx)
        <if test='word != null and word != ""'>
            WHERE issue_title LIKE CONCAT('%', #{word}, '%')
        </if>
        GROUP BY issue.issue_idx
        ORDER BY issue_idx DESC
        <if test='pageNo != null and pageNo != ""'>
            LIMIT #{start_idx}, #{page_size}
        </if>
    </select>

    <select id="selectBoardDetail" resultType="kr.co.dk.sample.api.common.util.LowerKeyMap">
        SELECT B.*, U.code_blockchain, U.user_name, U.NickName as "nickname"
        FROM momo.board_issue B
        JOIN momo.user U ON (user_idx = issue_user_idx)
        WHERE issue_idx = #{issue_idx}
    </select>

    <select id="selectBoardReply" resultType="kr.co.dk.sample.api.common.util.LowerKeyMap">
        SELECT R.*, U.code_blockchain, U.user_name
        FROM momo.board_issue_reply R
        JOIN momo.user U ON (user_idx = reply_user_idx)
        WHERE issue_idx = #{idx}
        ORDER BY reply_idx DESC
    </select>

    <select id="selectReply" resultType="kr.co.dk.sample.api.common.util.LowerKeyMap">
        SELECT R.*, U.code_blockchain, U.user_name
        FROM momo.board_issue_reply R
        JOIN momo.user U ON (user_idx = reply_user_idx)
        <if test='word != null and word != ""'>
            WHERE reply_content LIKE CONCAT('%', #{word}, '%')
        </if>
        ORDER BY reply_idx DESC
        <if test='pageNo != null and pageNo != ""'>
            LIMIT #{start_idx}, #{page_size}
        </if>
    </select>

    <insert id="insertBoard">
        INSERT INTO momo.board_issue
        VALUES(DEFAULT, #{mb_idx}, #{issue_title}, #{issue_content}, #{issue_image}, DEFAULT, 0, now(), now())
    </insert>

    <insert id="insertReply">
        INSERT INTO momo.board_issue_reply
        VALUES(DEFAULT, #{issue_idx}, #{mb_idx}, #{reply_content}, 0, now(), now())
    </insert>

    <select id="searchBoard" resultType="kr.co.dk.sample.api.common.util.LowerKeyMap">
        SELECT *
        FROM momo.board_issue
        WHERE issue_title LIKE CONCAT('%', #{word}, '%')
        ORDER BY issue_idx DESC
    </select>

    <update id="deleteBoard">
        UPDATE momo.board_issue
        SET issue_status = 3, issue_title = '관리자가 삭제한 게시글입니다.'
        WHERE issue_idx IN
        <foreach collection="list" item="code" index="index" separator="," open="(" close=")">
            #{code}
        </foreach>
    </update>

    <update id="deleteReply">
        UPDATE momo.board_issue_reply
        SET reply_status = 3, reply_content = '관리자가 삭제한 댓글입니다.'
        WHERE reply_idx IN
        <foreach collection="list" item="code" index="index" separator="," open="(" close=")">
            #{code}
        </foreach>
    </update>

</mapper>
