<?xml version="1.0" encoding="UTF-8" ?>
<!DOCTYPE mapper PUBLIC "-//mybatis.org//DTD Mapper 3.0//EN"
        "http://mybatis.org/dtd/mybatis-3-mapper.dtd">

<mapper namespace="kr.co.dk.sample.api.app.auth.mapper.AuthDAO">

    <select id="checkUserExist" resultType="kr.co.dk.sample.api.common.util.LowerKeyMap">
        <![CDATA[
        SELECT count(*) AS "cnt"
        FROM momo.user
        WHERE user_phone = #{phone}
        AND user_status = 0
        ]]>
    </select>

    <select id="selectAdmin" resultType="kr.co.dk.sample.api.common.util.LowerKeyMap">
        <![CDATA[
        SELECT admin_idx, email, password, timestamp_edit, timestamp_create
        FROM momo.admin
        WHERE email = #{email}
        AND admin_status = 0
        ]]>
    </select>

    <select id="checkMember" resultType="kr.co.dk.sample.api.common.util.LowerKeyMap">
        <![CDATA[
        SELECT user_idx,
               user_email,
               user_name,
               user_phone,
               user_location,
               user_type,
               user_status,
               token_access,
               token_refresh,
               token_fcm,
               code_sms_cert,
               code_blockchain,
               timestamp_edit,
               timestamp_create
        FROM momo.user
        WHERE user_idx = #{mb_idx}
          AND user_status = 0
        ]]>
    </select>

    <select id="compareCode" resultType="kr.co.dk.sample.api.common.util.LowerKeyMap">
        <![CDATA[
        SELECT *
        FROM momo.phone_authentication
        WHERE phone_number = #{phone}
          AND idx = (
            SELECT idx
            FROM (
                     SELECT MAX(idx) AS "idx"
                     FROM momo.phone_authentication
                     WHERE phone_number = #{phone}
             ) a
        )
        ]]>
    </select>

    <update id="updateMember">
        <![CDATA[
        UPDATE momo.user
        SET token_access = #{token},
            timestamp_edit = now()
        WHERE user_phone = #{user_phone}
          AND user_status = 0
        ]]>
    </update>

    <update id="updateMemberWithBlockchain">
        <![CDATA[
        UPDATE momo.user
        SET token_access = #{token},
            code_blockchain = #{blockchain},
            timestamp_edit = now()
        WHERE user_phone = #{phone}
          AND user_status = 0
        ]]>
    </update>

    <insert id="insertWallet">
        <![CDATA[
        INSERT INTO momo.blockchain_info
        VALUES(DEFAULT, #{blockchain}, #{user_idx})
        ]]>
    </insert>

    <insert id="enrollUser" useGeneratedKeys="true" keyColumn="user_idx">
        <![CDATA[
        INSERT INTO momo.user(user_idx, user_phone, user_location, user_type, code_blockchain, timestamp_edit, timestamp_create)
        VALUES(DEFAULT, #{phone}, #{location}, 0, #{blockchain}, now(), now())
        ]]>
        <selectKey resultType="int" order="AFTER" keyProperty="user_idx">
            SELECT LAST_INSERT_ID()
        </selectKey>
    </insert>

    <select id="increaseAuthCount" resultType="kr.co.dk.sample.api.common.util.LowerKeyMap">
        <![CDATA[
        UPDATE momo.phone_authentication
        SET count          = count + 1,
            timestamp_edit = now()
        WHERE phone_number = #{phone}
          AND idx = (
            SELECT idx
            FROM (
                     SELECT MAX(idx) AS "idx"
                     FROM momo.phone_authentication
                     WHERE phone_number = #{phone}
                 ) a
        )
        ]]>
    </select>

    <insert id="insertPhoneAuthentication">
        <![CDATA[
        INSERT INTO momo.phone_authentication(number, count, phone_number, timestamp_create)
        VALUES(#{code}, 0, #{phone}, now())
        ]]>
    </insert>

    <select id="dbValidateToken" resultType="kr.co.dk.sample.api.common.util.LowerKeyMap">
        <![CDATA[
        SELECT
            mb_idx,
            token_type,
            agent_type,
            token,
            use_yn
        FROM mb_token
        WHERE mb_idx = #{mb_idx} AND use_yn = 'Y' AND token_type = #{token_type} AND agent_type = #{agent_type}
          AND reg_date BETWEEN DATE_ADD(NOW(), INTERVAL - #{expiration_in_minute} MINUTE) AND NOW()
          AND token = #{token}
        ]]>
    </select>



</mapper>
