<?xml version="1.0" encoding="UTF-8" ?>
<!DOCTYPE mapper PUBLIC "-//mybatis.org//DTD Mapper 3.0//EN"
        "http://mybatis.org/dtd/mybatis-3-mapper.dtd">

<mapper namespace="kr.co.dk.sample.api.app.banner.mapper.BannerDAO">

    <select id="selectBannerCnt" resultType="kr.co.dk.sample.api.common.util.LowerKeyMap">
        SELECT count(*) AS "cnt"
        FROM momo.banner
        WHERE 1 = 1
    </select>

    <select id="selectAllBanner" resultType="kr.co.dk.sample.api.common.util.LowerKeyMap">
        SELECT *
        FROM momo.banner
        WHERE 1=1
        ORDER BY banner_idx DESC
        <if test='pageNo != null and pageNo != ""'>
            LIMIT #{start_idx}, #{page_size}
        </if>
    </select>
    <insert id="insertBanner">

        INSERT INTO momo.banner(banner_name, banner_image, banner_to, banner_order, banner_status,
                                timestamp_edit, timestamp_create)
        VALUES (#{bannerDTO.bannerName}, #{path}, #{bannerDTO.bannerTo},
                #{bannerDTO.bannerOrder}, #{bannerDTO.bannerStatus}, now(), now())

    </insert>
    <select id="selectBannerDetail" resultType="kr.co.dk.sample.api.common.util.LowerKeyMap">
        SELECT *
        FROM momo.banner
        WHERE banner_idx = #{bannerIdx}
    </select>

    <update id="updateBanner">
        UPDATE momo.banner
        SET banner_name    = #{bannerDTO.bannerName},
            banner_image   = #{path},
            banner_to      = #{bannerDTO.bannerTo},
            banner_order   = #{bannerDTO.bannerOrder},
            banner_status  = #{bannerDTO.bannerStatus},
            timestamp_edit = now()
        WHERE banner_idx = #{bannerDTO.bannerIdx}
    </update>


    <update id="deleteBanner">
        UPDATE momo.banner
        SET banner_status = 3, banner_name = '관리자가 삭제한 배너입니다'
        WHERE banner_idx IN
        <foreach collection="list" item="code" index="index" separator="," open="(" close=")">
            #{code}
        </foreach>
    </update>
    <!--    <insert id="insertWorkHistory">-->
    <!--        INSERT INTO momo.work_history(work_idx, user_idx, timestamp_edit, timestamp_create)-->
    <!--        VALUES(#{workIdx}, #{mb_idx}, now(), now());-->
    <!--    </insert>-->

</mapper>
