<?xml version="1.0" encoding="UTF-8" ?>
<!DOCTYPE mapper PUBLIC "-//mybatis.org//DTD Mapper 3.0//EN"
        "http://mybatis.org/dtd/mybatis-3-mapper.dtd">

<mapper namespace="kr.co.dk.sample.api.app.terms.mapper.TermsDAO">

    <select id="selectTermsCnt" resultType="kr.co.dk.sample.api.common.util.LowerKeyMap">
        SELECT count(*) cnt
        FROM momo.terms
    </select>

    <select id="getTermsList" resultType="kr.co.dk.sample.api.common.util.LowerKeyMap">
        SELECT *
        FROM momo.terms
        ORDER BY term_idx DESC
        <if test='pageNo != null and pageNo != ""'>
            LIMIT #{start_idx}, #{page_size}
        </if>
    </select>

    <select id="getTermsDetail" resultType="kr.co.dk.sample.api.common.util.LowerKeyMap">
        SELECT *
        FROM momo.terms
        WHERE term_idx = #{idx}
    </select>

    <update id="updateTerms">
        UPDATE momo.terms
        SET term_title = #{title}, term_content = #{content}, timestamp_edit = now()
        WHERE term_idx = #{idx}
    </update>

</mapper>
