<?xml version="1.0" encoding="UTF-8" ?>
<!DOCTYPE mapper PUBLIC "-//mybatis.org//DTD Mapper 3.0//EN"
        "http://mybatis.org/dtd/mybatis-3-mapper.dtd">

<mapper namespace="kr.co.dk.sample.api.app.equip.mapper.EquipDAO">

    <select id="selectEquipCnt" resultType="kr.co.dk.sample.api.common.util.LowerKeyMap">
        SELECT count(*) AS "cnt"
        FROM momo.construction_equipment
        WHERE 1=1
        <if test='type != null and type != ""'>
            AND construction_type = #{type}
        </if>
        <if test='word != null and word != ""'>
            AND construction_title LIKE CONCAT('%', #{word}, '%')
        </if>
--         AND construction_status = 0
    </select>

    <select id="selectEquipList" resultType="kr.co.dk.sample.api.common.util.LowerKeyMap">
        SELECT a.*, b.user_name
        FROM momo.construction_equipment a
        JOIN momo.user b ON (construction_user_idx = user_idx)
        WHERE 1=1
        <if test='type != null and type != ""'>
            AND construction_type = #{type}
        </if>
        <if test='word != null and word != ""'>
            AND construction_title LIKE CONCAT('%', #{word}, '%')
        </if>
        ORDER BY construction_idx DESC
        <if test='pageNo != null and pageNo != ""'>
            LIMIT #{start_idx}, #{page_size}
        </if>
    </select>

    <select id="selectEquipDetail" resultType="kr.co.dk.sample.api.common.util.LowerKeyMap">
        SELECT a.*, b.user_name
        FROM momo.construction_equipment a
        JOIN momo.user b ON (construction_user_idx = user_idx)
        WHERE construction_idx = #{idx}
    </select>

    <update id="updateRental">
        UPDATE momo.construction_equipment
        SET construction_title = #{rentalDTO.title}, construction_location = #{rentalDTO.location}, construction_location_detail = #{rentalDTO.locationDetail},
            construction_img = #{equipImage}, construction_divide_first = #{rentalDTO.divideFirst}, construction_divide_second = #{rentalDTO.divideSecond},
            construction_period_start = #{rentalDTO.periodStart}, construction_period_end = #{rentalDTO.periodEnd}, construction_user_phone = #{rentalDTO.phone},
            construction_etc = #{rentalDTO.etc}, timestamp_edit = now()
        WHERE construction_idx = #{rentalDTO.constructionIdx}
    </update>

    <update id="updateLease">
        UPDATE momo.construction_equipment
        SET construction_title = #{title}, construction_location = #{location}, construction_location_detail = #{locationDetail},
            construction_divide_first = #{divideFirst}, construction_divide_second = #{divideSecond},
            construction_period_start = #{periodStart}, construction_period_end = #{periodEnd}, construction_user_phone = #{phone},
            construction_etc = #{etc}, timestamp_edit = now()
        WHERE construction_idx = #{constructionIdx}
    </update>

    <update id="updateEquip">
        UPDATE momo.construction_equipment
        SET construction_title = #{title}, construction_location = #{location}, construction_location_detail = #{locationDetail},
            construction_divide_first = #{divideFirst}, construction_divide_second = #{divideSecond}, construction_user_phone = #{phone},
            construction_etc = #{etc}, timestamp_edit = now()
        WHERE construction_idx = #{constructionIdx}
    </update>

    <update id="deleteEquip">
        UPDATE momo.construction_equipment
        SET construction_title = '관리자가 삭제한 장비입니다.',
            construction_status = 3
        WHERE construction_idx IN
        <foreach collection="list" item="code" index="index" separator="," open="(" close=")">
            #{code}
        </foreach>
    </update>

    <!--  장비주  -->
    <select id="selectOwnerCnt" resultType="kr.co.dk.sample.api.common.util.LowerKeyMap">
        SELECT count(*) AS "cnt"
        FROM momo.equipment_owner
        WHERE 1=1
        <if test='word != null and word != ""'>
            AND owner_name LIKE CONCAT('%', #{word}, '%')
        </if>
    </select>

    <select id="selectOwnerList" resultType="kr.co.dk.sample.api.common.util.LowerKeyMap">
        SELECT *
        FROM momo.equipment_owner
        WHERE 1=1
        <if test='word != null and word != ""'>
            AND construction_title LIKE CONCAT('%', #{word}, '%')
        </if>
        ORDER BY owner_idx DESC
        <if test='pageNo != null and pageNo != ""'>
            LIMIT #{start_idx}, #{page_size}
        </if>
    </select>

    <select id="selectOwnerDetail" resultType="kr.co.dk.sample.api.common.util.LowerKeyMap">
        SELECT *
        FROM momo.equipment_owner
        WHERE owner_idx = #{idx}
    </select>

    <update id="updateOwner">
        UPDATE momo.equipment_owner
        SET owner_name = #{ownerDTO.ownerName}, owner_phone = #{ownerDTO.ownerPhone},
            owner_career = #{ownerDTO.ownerCareer}, owner_image = #{ownerImage},
            owner_address = #{ownerDTO.ownerAddress}, timestamp_edit = now(),
            owner_category = #{ownerDTO.ownerCategory}
        WHERE owner_idx = #{ownerDTO.ownerIdx}
    </update>

    <update id="deleteOwner">
        UPDATE momo.equipment_owner
        SET owner_status = 3
        WHERE owner_idx IN
        <foreach collection="list" item="code" index="index" separator="," open="(" close=")">
            #{code}
        </foreach>
    </update>

</mapper>
