<?xml version="1.0" encoding="UTF-8" ?>
<!DOCTYPE mapper PUBLIC "-//mybatis.org//DTD Mapper 3.0//EN"
        "http://mybatis.org/dtd/mybatis-3-mapper.dtd">

<mapper namespace="kr.co.dk.sample.api.app.job.mapper.JobDAO">

    <select id="selectJobCnt" resultType="kr.co.dk.sample.api.common.util.LowerKeyMap">
        SELECT count(*) AS "cnt"
        FROM momo.work
        WHERE 1=1
        AND work_type = #{type}
        <if test='word != null and word != ""'>
            AND work_title LIKE CONCAT('%', #{word}, '%')
        </if>
    </select>

    <select id="selectJobList" resultType="kr.co.dk.sample.api.common.util.LowerKeyMap">
        SELECT *
        FROM momo.work
        WHERE 1=1
        AND work_type = #{type}
        <if test='word != null and word != ""'>
            AND work_title LIKE CONCAT('%', #{word}, '%')
        </if>
        ORDER BY work_idx DESC
        <if test='pageNo != null and pageNo != ""'>
            LIMIT #{start_idx}, #{page_size}
        </if>
    </select>

    <select id="selectJobDetail" resultType="kr.co.dk.sample.api.common.util.LowerKeyMap">
        SELECT w.*, u.user_name
        FROM momo.work w
        JOIN momo.user u ON (work_user_idx = user_idx)
        WHERE work_idx = #{workIdx}
    </select>

    <update id="updateJobOffer">
        UPDATE momo.work
        SET work_constructor = #{offerDTO.constructor}, work_title = #{offerDTO.workTitle}, work_user_phone = #{offerDTO.phone}, work_divide_first = #{offerDTO.divideFirst},
            work_period_start = #{offerDTO.periodStart}, work_period_end = #{offerDTO.periodEnd}, work_etc = #{offerDTO.etc}, work_location = #{offerDTO.siteAddress},
            work_image = #{workPicture}, work_payment = #{offerDTO.payment}, work_user_phone = #{offerDTO.phone}, work_rest = #{offerDTO.rest}
        WHERE work_idx = #{offerDTO.workIdx}
    </update>

    <update id="updateJobSearch">
        UPDATE momo.work
        SET work_title = #{name}, work_user_phone = #{phone}, work_divide_first = #{divideFirst}, work_divide_second = #{divideSecond},
            work_period_start = #{startDate}, work_period_end = #{endDate}, work_etc = #{etc}
        WHERE work_idx = #{workIdx}
    </update>

    <update id="deleteJob">
        UPDATE momo.work
        SET work_status = 3, work_title = '관리자가 삭제한 구인/구직입니다.'
        WHERE work_idx IN
        <foreach collection="list" item="code" index="index" separator="," open="(" close=")">
            #{code}
        </foreach>
    </update>

    <update id="allowJob">
        UPDATE momo.work
        SET work_status = 0
        WHERE work_idx IN
        <foreach collection="list" item="code" index="index" separator="," open="(" close=")">
            #{code}
        </foreach>
    </update>

    <insert id="insertJobOffer">
        INSERT INTO momo.work(
            site_idx, work_type, work_constructor, work_title, work_image, work_divide_first, work_divide_second, work_status,
            work_location, work_period_start, work_period_end, work_user_idx,
            work_user_phone, work_payment, work_etc, timestamp_edit, timestamp_create)
        VALUES(#{offerDTO.siteIdx}, 0, #{offerDTO.constructor}, #{offerDTO.siteName}, #{jobImage}, #{offerDTO.divideFirst}, #{offerDTO.divideSecond}, 0,
               #{offerDTO.siteAddress}, #{offerDTO.periodStart}, #{offerDTO.periodEnd}, #{mb_idx}, #{offerDTO.phone}, #{offerDTO.payment}, #{offerDTO.etc}, now(), now());
    </insert>

    <insert id="insertJobSearch">
        INSERT INTO momo.work(
            site_idx, work_type, work_title, work_divide_first, work_divide_second, work_status,
            work_period_start, work_period_end, work_user_idx,
            work_user_phone, work_etc, timestamp_edit, timestamp_create)
        VALUES(#{searchDTO.siteIdx}, 1, #{searchDTO.name}, #{searchDTO.divideFirst}, #{searchDTO.divideSecond}, 0,
               #{searchDTO.periodStart}, #{searchDTO.periodEnd}, #{mb_idx}, #{searchDTO.phone}, #{searchDTO.etc}, now(), now());
    </insert>

    <insert id="insertWorkHistory">
        INSERT INTO momo.work_history(work_idx, user_idx, timestamp_edit, timestamp_create)
        VALUES(#{workIdx}, #{mb_idx}, now(), now());
    </insert>

</mapper>
