<?xml version="1.0" encoding="UTF-8" ?>
<!DOCTYPE mapper PUBLIC "-//mybatis.org//DTD Mapper 3.0//EN"
        "http://mybatis.org/dtd/mybatis-3-mapper.dtd">

<mapper namespace="kr.co.dk.sample.api.app.labor.mapper.LaborDAO">

    <select id="selectLaborCnt" resultType="kr.co.dk.sample.api.common.util.LowerKeyMap">
        SELECT count(*) cnt
        FROM momo.labor
        <if test='word != null and word != ""'>
            WHERE labor_name LIKE CONCAT('%', #{word}, '%')
        </if>
    </select>

    <select id="selectTypeCnt" resultType="kr.co.dk.sample.api.common.util.LowerKeyMap">
        SELECT count(*) cnt
        FROM momo.labor_type_list
    </select>

    <select id="selectLaborList" resultType="kr.co.dk.sample.api.common.util.LowerKeyMap">
        SELECT *
        FROM momo.labor
        <if test='word != null and word != ""'>
            WHERE labor_name LIKE CONCAT('%', #{word}, '%')
        </if>
        ORDER BY labor_idx DESC
        <if test='pageNo != null and pageNo != ""'>
            LIMIT #{start_idx}, #{page_size}
        </if>
    </select>

    <select id="selectLaborDetail" resultType="kr.co.dk.sample.api.common.util.LowerKeyMap">
        SELECT *
        FROM momo.labor
        WHERE labor_idx = #{idx}
    </select>

    <insert id="insertLabor">
        INSERT INTO momo.labor(labor_name, labor_phone, labor_address, labor_simple_explain, labor_description, labor_type, labor_career, labor_image, timestamp_edit, timestamp_create)
        VALUES(#{laborDTO.laborName}, #{laborDTO.laborPhone}, #{laborDTO.laborAddress}, #{laborDTO.laborSimple}, #{laborDTO.laborDescription}, #{laborDTO.laborType}, #{laborDTO.laborCareer}, labor_image = #{laborImage}, now(), now())
    </insert>

    <update id="updateLabor">
        UPDATE momo.labor
        SET labor_name = #{laborDTO.laborName}, labor_description = #{laborDTO.laborDescription}, labor_phone = #{laborDTO.laborPhone},
            labor_career = #{laborDTO.laborCareer}, labor_type = #{laborDTO.laborType}, labor_image = #{laborImage},
            labor_address = #{laborDTO.laborAddress}, labor_simple_explain = #{laborDTO.laborSimple}
        WHERE labor_idx = #{laborDTO.laborIdx}
    </update>

    <update id="deleteLabor">
        UPDATE momo.labor
        SET labor_name = '관리자가 삭제한 노무사입니다.', labor_description = '관리자가 삭제한 노무사입니다.', labor_status = 3
        WHERE labor_idx IN
        <foreach collection="list" item="code" index="index" separator="," open="(" close=")">
            #{code}
        </foreach>
    </update>

    <select id="getAllTypeList" resultType="kr.co.dk.sample.api.common.util.LowerKeyMap">
        SELECT *
        FROM momo.labor_type_list
        WHERE type_status = 0
        ORDER BY type_idx ASC
    </select>

    <select id="getTypeList" resultType="kr.co.dk.sample.api.common.util.LowerKeyMap">
        SELECT *
        FROM momo.labor_type_list
        ORDER BY type_idx DESC
        <if test='pageNo != null and pageNo != ""'>
            LIMIT #{start_idx}, #{page_size}
        </if>
    </select>

    <insert id="addType">
        INSERT INTO momo.labor_type_list(type_name) VALUES(#{name})
    </insert>

    <update id="updateType">
        UPDATE momo.labor_type_list
        SET type_status = #{status}
        WHERE type_idx IN
        <foreach collection="list" item="code" index="index" separator="," open="(" close=")">
            #{code}
        </foreach>
    </update>

</mapper>
